startTime_ISO8601,startTime_secondsSinceMidnight1Jan1970UTC,estimatedSecondsSinceAlert,wantingAnything,whatWanting,wantingIntensity,wantedToFeel_control,wantedToFeel_lessStress,wantedToFeel_goodAboutMe,wantedToFeel_connected,wantedToFeel_comfort,wantedToFeel_novelty,wantedToFeel_calm,wantedToFeel_health,wantedToFeel_energy,wantedToFeel_goodPerson,wantedToFeel_competent,wantedToFeel_acknowledged,wantedToFeel_helpful,wantedToFeel_other,wantedToFeel_specifiedOther,wantedToFeel_nothingInParticular,doing,doing_specifiedOther,withOthers,feelingBadToGood,energy,physically_good,physically_energized,physically_hungry,physically_tired,physically_uncomfortable,physically_other,physically_specifiedOther,physically_noFeeling,feeling_angry,feelingIntensity_angry,feeling_anxious,feelingIntensity_anxious,feeling_awe,feelingIntensity_awe,feeling_content,feelingIntensity_content,feeling_frustrated,feelingIntensity_frustrated,feeling_grateful,feelingIntensity_grateful,feeling_happy,feelingIntensity_happy,feeling_jealous,feelingIntensity_jealous,feeling_loving,feelingIntensity_loving,feeling_proud,feelingIntensity_proud,feeling_restless,feelingIntensity_restless,feeling_sad,feelingIntensity_sad,feeling_other,feeling_specifiedOther,feeling_noEmotion,thinkingOverAndOver,comparingToOthers,lonely,selfWorth,appreciating,stressed
"2017-05-02T20:11:01-07:00",1493781061,2351,2,"Work on data project ",0.494,0,0,0,0,0,0,0,0,0,0,0,0,0,0,,0,"talk",,2,0.633,0.771,0,0,1,0,0,0,,0,0,,0,,0,,1,,0,,0,,0,,0,,0,,0,,0,,0,,0,,0,0,,0,0.629,0,0
"2017-05-02T12:41:30-07:00",1493754090,2354,2,"Apply to jobs ",0.281,0,0,1,0,0,0,0,0,0,0,0,0,0,0,,0,"chores",,0,0.506,0.629,0,0,0,0,0,0,,1,0,,1,,0,,0,,0,,0,,0,,0,,0,,0,,1,,0,,0,,0,0.426,,0,0.5,0,0.104
"2017-05-02T08:34:34-07:00",1493739274,7,2,"Paint the stairs ",0.283,1,0,0,0,0,0,0,0,0,0,0,0,0,0,,0,"other","Meditating",0,0.5,0.502,0,0,0,0,1,0,,0,0,,0,,0,,0,,0,,0,,0,,0,,0,,0,,0,,0,,0,,1,0.175,,0,0.363,0,0.289
"2017-05-01T21:34:24-07:00",1493699664,4591,0,,,0,0,0,0,0,0,0,0,0,0,0,0,0,0,,0,"other","Dancing ",2,0.633,0.5,0,0,1,0,0,0,,0,0,,0,,0,,1,,0,,0,,0,,0,,0,,0,,0,,0,,0,,0,0,,0,0.514,0.791,0
"2017-05-01T15:49:41-07:00",1493678981,8616,0,,,0,0,0,0,0,0,0,0,0,0,0,0,0,0,,0,"other","Looking for a job ",0,0.5,0.5,0,0,0,0,0,0,,1,0,,0,,0,,0,,0,,0,,0,,0,,0,,0,,0,,0,,0,,1,0,,0,0.502,0,0.143
"2017-05-01T12:30:11-07:00",1493667011,5954,2,"Repair stairs ",0.255,1,0,0,0,0,0,0,0,0,0,1,0,0,0,,0,"work",,0,0.5,0.5,0,0,0,0,0,0,,1,0,,0,,0,,0,,0,,0,,0,,0,,0,,0,,0,,0,,0,,1,0,,0,0.502,0,0
"2017-05-01T08:25:45-07:00",1493652345,32855,1,,,0,0,0,0,0,0,0,0,0,0,0,0,0,0,,0,"eat",,0,0.498,0.233,0,0,0,1,0,0,,0,0,,0,,0,,0,,0,,0,,0,,0,,0,,0,,0,,0,,0,,1,0.122,,0,0.5,0,0
"2017-04-30T14:18:23-07:00",1493587103,13,1,,,0,0,1,0,0,0,0,0,0,0,1,0,0,0,,0,"eat",,0,0.41,0.5,0,0,0,0,0,0,,1,0,,0,,0,,0,,0,,0,,0,,0,,0,,0,,0,,0,,0,,1,0,,0.08,0.498,0,0.05
"2017-04-29T21:30:10-07:00",1493526610,10,1,,,0,0,0,0,0,0,1,0,0,0,0,0,0,0,,0,"eat",,2,0.633,0.602,0,0,0,0,0,0,,1,0,,0,,0,,1,,0,,0,,1,,0,,0,,0,,0,,0,,0,,0,0,,0,0.598,0.456,0
"2017-04-29T13:00:11-07:00",1493496011,12,2,"Clean windows ",0.538,0,0,0,0,0,0,0,0,0,0,1,0,0,0,,0,"chores",,2,0.618,0.715,0,0,0,0,0,0,,1,0,,0,,0,,0,,0,,0,,0,,0,,0,,0,,1,,0,,0,,0,0.247,,0,0.622,0,0.066
"2017-04-28T18:56:00-07:00",1493430960,13,2,"Plan my weekend",0.49,0,0,0,0,0,0,0,0,0,0,0,0,0,0,,0,"other","Planning",1,0.612,0.554,0,0,0,0,0,0,,1,0,,0,,0,,0,,0,,0,,0,,0,,0,,0,,1,,0,,0,,0,0.193,,0.116,0.52,0,0.068
"2017-04-28T16:01:35-07:00",1493420495,12192,1,,,0,0,1,0,0,0,0,0,0,0,1,0,0,0,,0,"eat",,0,0.5,0.649,0,0,0,0,0,0,,1,0,,0,,0,,0,,0,,0,,0,,0,,0,,0,,0,,0,,0,,1,0,,0.112,0.616,0,0
"2017-04-28T08:39:33-07:00",1493393973,59,2,"To present my capstone project ",0.504,1,0,0,0,1,0,1,0,0,0,1,0,0,0,,0,"travel",,0,0.572,0.5,0,0,0,0,0,0,,1,0,,0,,0,,0,,0,,0,,0,,0,,0,,0,,0,,0,,0,,0,1,,0,0.57,0,0.269
"2017-04-27T20:17:46-07:00",1493349466,13824,2,"Revise my resume ",0.305,1,0,1,0,0,0,0,0,0,0,0,0,0,0,,0,"eat",,0,0.345,0.508,0,0,0,0,0,0,,1,0,,1,,0,,0,,0,,0,,0,,0,,0,,0,,0,,0,,0,,0,0.717,,0,0.357,0,0.506
"2017-04-27T14:19:01-07:00",1493327941,1497,1,,,0,0,0,0,1,0,1,0,0,0,0,0,0,0,,0,"other","At a meeting ",1,0.536,0.651,0,0,0,0,0,0,,1,0,,0,,0,,0,,0,,0,,0,,0,,0,,0,,0,,0,,0,,1,0,,0,0.5,0,0.219
"2017-04-27T13:15:07-07:00",1493324107,69250,2,"Read about machine learning ",0.482,0,0,0,0,0,0,0,0,0,0,0,0,0,0,,0,"leisure",,0,0.657,0.741,0,0,0,0,0,0,,1,0,,0,,0,,0,,0,,0,,0,,0,,0,,0,,0,,0,,0,,0,0,,0,0.502,0.428,0
"2017-04-26T09:42:56-07:00",1493224976,84,0,,,0,0,0,0,0,0,0,0,0,0,0,0,0,0,,0,"other","Listening to a judge",1,0.502,0.637,0,0,0,0,0,0,,1,0,,0,,0,,0,,0,,0,,0,,0,,0,,0,,0,,0,,0,,1,0.229,,0,0.502,0,0.221
"2017-04-25T17:04:10-07:00",1493165050,5,2,"Research career fair attendees ",0.5,1,0,0,0,0,0,0,0,0,0,0,0,0,0,,0,"work",,1,0.384,0.382,0,0,1,0,0,0,,0,0,,1,,0,,0,,0,,0,,0,,0,,0,,0,,0,,0,,0,,0,0.183,,0,0.363,0,0.572
"2017-04-24T17:55:55-07:00",1493081755,7953,1,,,1,0,0,0,0,0,1,0,0,0,0,0,0,0,,0,"talk",,2,0.287,0.329,0,0,0,0,0,0,,1,0,,1,,0,,0,,0,,0,,0,,0,,0,,0,,0,,0,,0,,0,0,,0,0.502,0,0.612
"2017-04-23T18:07:20-07:00",1492996040,16571,1,,,0,0,1,0,0,0,0,0,0,0,1,0,0,0,,0,"other","Walking ",0,0.422,0.502,0,0,0,0,0,0,,1,0,,0,,0,,0,,0,,0,,0,,0,,0,,0,,1,,0,,0,,0,0.502,,0.048,0.39,0.118,0.11
"2017-04-20T21:13:22-07:00",1492748002,946,2,"Get home and finish presentation",0.596,1,0,0,0,1,0,0,0,0,0,0,0,0,0,,0,"talk",,2,0.769,0.667,0,0,0,0,0,0,,1,0,,0,,0,,0,,0,,0,,1,,0,,0,,0,,0,,0,,0,,0,0,,0,0.504,0.59,0
"2017-04-20T12:01:37-07:00",1492714897,54125,2,"Finish my capstone presentation ",0.512,0,0,0,0,0,0,1,0,0,0,1,0,0,0,,0,"work",,2,0.677,0.5,0,0,0,0,0,0,,1,0,,0,,0,,0,,0,,0,,1,,0,,0,,0,,0,,0,,0,,0,0,,0,0.5,0,0.114
"2017-04-18T21:27:51-07:00",1492576071,4085,1,,,0,0,0,0,0,0,1,0,0,0,0,0,0,0,,0,"eat",,2,0.315,0.365,0,0,0,0,0,0,,1,0,,1,,0,,0,,0,,0,,0,,0,,0,,0,,0,,0,,0,,0,0.484,,0,0.414,0,0.675
"2017-04-18T13:04:16-07:00",1492545856,1558,2,"Socialize with classmates",0.341,0,0,0,0,0,0,1,0,0,0,0,0,0,0,,0,"talk",,2,0.582,0.731,0,0,1,0,0,0,,0,0,,0,,0,,0,,0,,0,,0,,0,,0,,0,,1,,0,,0,,0,0,,0,0.502,0,0.108
"2017-04-17T16:10:17-07:00",1492470617,6399,2,"Finish capstone ",0.4,0,0,0,0,0,0,1,0,0,0,0,0,0,0,,0,"work",,1,0.52,0.627,0,0,0,0,0,0,,1,0,,1,,0,,0,,0,,0,,0,,0,,0,,0,,0,,0,,0,,0,0.347,,0.11,0.498,0,0.699
"2017-04-16T09:57:45-07:00",1492361865,8,0,,,0,0,0,0,0,0,0,0,0,0,0,0,0,0,,0,"sleep",,0,0.667,0.351,0,0,0,1,0,0,,0,0,,0,,0,,1,,0,,0,,0,,0,,0,,0,,0,,0,,0,,0,0,,0,0.502,0.375,0
"2017-04-14T20:23:58-07:00",1492226638,785,1,,,0,0,0,1,0,0,0,0,0,0,0,0,0,0,,0,"work",,1,0.5,0.5,0,0,0,0,0,0,,1,0,,0,,0,,0,,0,,0,,0,,0,,0,,0,,0,,0,,0,,1,0.143,,0.129,0.498,0.257,0.151
"2017-04-10T19:12:00-07:00",1491876720,9372,0,,,0,0,0,0,0,0,0,0,0,0,0,0,0,0,,1,"talk",,2,0.629,0.295,0,0,1,0,0,0,,0,0,,0,,0,,0,,0,,0,,0,,0,,0,,0,,0,,0,,0,,1,0,,0.104,0.498,0,0.502
"2017-04-10T12:22:11-07:00",1491852131,10425,2,"Work on my capstone ",0.586,0,0,0,0,0,0,0,0,0,0,1,0,0,0,,0,"work",,1,0.819,1,0,1,0,0,0,0,,0,0,,0,,0,,0,,0,,0,,1,,0,,0,,0,,0,,0,,0,,0,0,,0,0.791,0,0
"2017-04-09T17:40:36-07:00",1491784836,8424,1,,,0,0,0,1,1,0,0,0,0,0,0,0,0,0,,0,"work",,0,0.375,0.464,0,0,0,0,0,0,,1,0,,0,,0,,0,,0,,0,,0,,0,,0,,0,,0,,0,,0,,0,0.241,,0.179,0.498,0.086,0.243
"2017-04-09T09:36:56-07:00",1491755816,35,1,,,0,0,0,0,0,0,0,0,0,0,0,0,0,0,,0,"work",,0,0.365,0.321,0,0,0,0,0,0,,1,0,,0,,0,,0,,0,,0,,0,,0,,0,,0,,0,,1,,0,,0,0,,0.297,0.498,0,0.207
"2017-04-08T20:07:08-07:00",1491707228,12344,2,"Find a good song ",0.735,0,0,0,0,0,0,0,0,0,0,0,0,0,0,,0,"leisure",,0,0.606,0.512,0,0,1,0,0,0,,0,0,,0,,0,,0,,0,,0,,0,,0,,0,,0,,1,,0,,0,,0,0,,0.133,0.554,0.502,0
"2017-04-07T23:02:28-07:00",1491631348,7549,1,"Go to b",,0,0,0,1,1,0,1,0,0,0,0,0,0,0,,0,"leisure",,1,0,0,0,0,0,0,0,0,,1,0,,0,,0,,0,,0,,0,,0,,0,,0,,0,,0,,1,,0,,0,0,,1,0.502,0.005,0
"2017-04-07T17:47:57-07:00",1491612477,9969,0,,,0,0,0,0,0,0,0,0,0,0,0,0,0,0,,0,"travel",,1,0.261,0.124,0,0,1,0,0,0,,0,0,,0,,0,,0,,0,,0,,0,,0,,0,,0,,0,,1,,0,,0,0,,0.898,0.48,0,0
"2017-04-07T12:02:16-07:00",1491591736,4003,2,"Work on capstone ",0.47,0,0,0,0,0,0,0,0,0,0,1,0,0,0,,0,"work",,2,0.629,0.707,0,0,1,0,0,0,,0,0,,0,,0,,0,,0,,0,,0,,0,,0,,0,,0,,0,,0,,0,0,,0,0.618,0.163,0.076
"2017-04-06T20:22:54-07:00",1491535374,2138,2,"Work on capstone ",0.476,1,0,0,0,0,0,0,0,0,0,0,0,0,0,,0,"work",,0,0.624,0.586,0,0,0,0,0,0,,1,0,,0,,0,,0,,0,,0,,0,,0,,0,,0,,0,,0,,0,,0,0,,0,0.498,0,0
"2017-04-06T17:52:09-07:00",1491526329,10466,1,,,0,0,0,1,0,0,0,0,0,0,0,0,0,0,,0,"talk",,2,0.56,0.5,0,0,0,0,0,0,,1,0,,0,,0,,0,,0,,0,,0,,0,,0,,0,,0,,1,,0,,0,0,,0.52,0.602,0,0.488
"2017-04-06T12:36:19-07:00",1491507379,12550,1,,,0,0,1,1,0,0,0,0,0,0,1,0,0,0,,0,"eat",,1,0.394,0.384,0,0,0,0,0,0,,1,0,,0,,0,,0,,0,,0,,0,,0,,0,,0,,0,,1,,0,,0,0,,0.5,0.502,0,0
"2017-04-05T20:05:47-07:00",1491447947,441,2,"Work on my capstone project ",0.446,0,0,0,0,0,0,0,0,0,0,1,0,0,0,,0,"leisure",,0,0.52,0.498,0,0,0,0,0,0,,1,0,,0,,0,,0,,0,,0,,0,,0,,0,,0,,0,,0,,0,,1,0,,0.131,0.5,0,0.127
"2017-04-05T17:45:07-07:00",1491439507,2085,0,,,0,0,0,0,0,0,0,0,0,0,0,0,0,0,,0,"travel",,0,0.359,0.494,0,0,1,0,0,0,,0,0,,0,,0,,0,,0,,0,,0,,0,,0,,0,,0,,1,,0,,0,0,,0.831,0.502,0,0
"2017-04-05T09:32:34-07:00",1491409954,14,1,,,1,0,0,1,0,0,0,0,0,0,0,0,0,0,,0,"work",,1,0.5,0.685,0,0,0,0,0,0,,1,0,,0,,0,,0,,0,,0,,0,,0,,0,,0,,0,,0,,0,,1,0.114,,0.086,0.612,0,0
"2017-04-04T20:17:36-07:00",1491362256,6,2,"Work on project ",0.376,1,0,0,0,0,0,0,0,0,0,1,0,0,0,,0,"chores",,0,0.584,0.57,0,0,0,0,0,0,,1,0,,0,,0,,0,,0,,0,,0,,0,,0,,0,,0,,0,,0,,1,0,,0.038,0.629,0,0
"2017-04-04T08:50:30-07:00",1491321030,18,2,"Finish my book",0.394,0,0,0,0,0,0,0,0,0,0,1,0,0,0,,0,"travel",,1,0.5,0.663,0,0,0,0,0,0,,1,0,,1,,0,,0,,0,,0,,0,,0,,0,,0,,0,,0,,0,,0,0,,0,0.498,0.143,0.376
"2017-04-03T21:13:01-07:00",1491279181,8333,2,"Debug my code ",0.564,1,0,0,0,1,0,0,0,0,0,0,0,0,0,,0,"work",,0,0.468,0.227,0,0,0,1,0,0,,0,0,,0,,0,,0,,0,,0,,0,,0,,0,,0,,0,,0,,0,,1,0,,0,0.502,0,0.239
"2017-04-03T11:42:38-07:00",1491244958,2388,0,,,0,0,0,0,0,0,0,0,0,0,0,0,0,0,,0,"work",,2,0.502,0.663,0,0,0,0,0,0,,1,1,,0,,0,,0,,0,,0,,0,,0,,0,,0,,0,,0,,0,,0,0,,0,0.414,0,0.078
"2017-04-02T23:32:30-07:00",1491201150,4567,2,"Meditate",0.149,0,0,0,0,0,0,1,0,0,0,0,0,0,0,,0,"work",,0,0.5,0.361,0,0,0,1,0,0,,0,0,,0,,0,,0,,0,,0,,0,,0,,0,,0,,1,,0,,0,,0,0.247,,0,0.608,0,0.373
"2017-04-02T13:15:09-07:00",1491164109,5714,2,"Go outside ",0.327,0,0,0,0,0,0,0,0,0,0,0,0,0,0,,0,"work",,0,0.606,0.725,0,0,0,0,0,0,,1,0,,0,,0,,0,,0,,0,,0,,0,,0,,0,,0,,0,,0,,1,0,,0,0.502,0,0.082
"2017-03-31T17:22:03-07:00",1491006123,6828,1,,,0,0,0,1,0,0,0,0,0,0,0,0,0,0,,0,"travel",,1,0.44,0.5,0,0,0,0,0,0,,1,0,,0,,0,,0,,0,,0,,0,,0,,0,,0,,0,,1,,0,,0,0.285,,0.275,0.586,0,0
"2017-03-31T11:34:07-07:00",1490985247,5316,2,"Eat ",0.347,0,0,0,0,0,0,0,0,0,0,0,0,0,0,,0,"work",,2,0.5,0.651,0,0,1,0,0,0,,0,0,,0,,0,,0,,0,,0,,0,,0,,0,,0,,0,,0,,0,,1,0,,0,0.5,0,0.369
"2017-03-30T19:19:46-07:00",1490926786,9,0,,,0,0,0,0,0,0,0,0,0,0,0,0,0,0,,1,"travel",,1,0.624,0.496,0,0,1,0,0,0,,0,0,,0,,0,,0,,0,,0,,0,,0,,0,,0,,0,,0,,0,,0,0,,0.171,0.618,0.516,0
"2017-03-30T10:19:58-07:00",1490894398,,2,"Solve this database problem ",0.538,1,0,0,0,1,0,0,0,0,0,0,0,0,0,,0,"work",,1,0.44,0.683,0,0,0,0,0,0,,1,1,,0,,0,,0,,0,,0,,0,,0,,0,,0,,0,,1,,0,,0,0,,0,0.484,0,0.317
"2017-03-29T21:18:00-07:00",1490847480,9659,1,,,0,0,0,0,0,0,0,0,0,0,0,0,0,0,,0,"travel",,0,0.422,0.215,0,0,0,1,0,0,,0,0,,0,,0,,0,,0,,0,,0,,0,,0,,0,,0,,1,,0,,0,0,,0.06,0.492,0,0
"2017-03-29T09:02:16-07:00",1490803336,15,1,,,0,0,0,0,0,0,0,0,0,0,1,0,0,0,,0,"travel",,2,0.478,0.478,0,0,0,0,0,0,,1,0,,0,,0,,0,,0,,0,,0,,0,,0,,0,,0,,0,,0,,0,0,,0,0.498,0,0.189
"2017-03-28T14:52:34-07:00",1490737954,44,2,"Work on capstone project ",0.4,1,0,1,0,0,0,0,0,0,0,0,0,0,0,,0,"work",,1,0.61,0.375,0,0,0,0,0,1,"Relaxed ",0,0,,0,,0,,0,,0,,0,,0,,0,,0,,0,,0,,0,,0,,1,0,,0,0.657,0.112,0.191
"2017-03-28T09:44:04-07:00",1490719444,1823,2,"Work on capstone project ",0.458,1,0,0,0,1,0,0,0,0,0,0,0,0,0,,0,"work",,1,0.592,0.349,0,0,0,1,0,0,,0,0,,0,,0,,0,,0,,0,,0,,0,,0,,0,,0,,0,,0,,1,0,,0,0.5,0,0
"2017-03-27T11:59:17-07:00",1490641157,7634,2,"Work on capstone project ",0.622,0,0,0,0,0,0,0,0,0,0,1,0,0,0,,0,"work",,1,0.707,0.701,0,0,0,1,0,1,"Insomnia ",0,0,,0,,0,,1,,0,,0,,0,,0,,0,,0,,0,,0,,0,,0,0,,0,0.653,0,0
"2017-03-26T21:04:54-07:00",1490587494,310,2,"Journal ",0.283,0,0,0,0,1,0,0,0,0,0,0,0,0,0,,0,"other","Writing in my journal ",0,0.135,0.137,0,0,0,0,0,0,,1,0,,0,,0,,0,,0,,0,,0,,0,,0,,0,,0,,1,,0,,0,0.241,,0.159,0.235,0,0.309
"2017-03-26T13:48:28-07:00",1490561308,10,2,"Finish programming  for the day ",0.414,1,0,0,0,0,0,0,0,0,0,0,0,0,0,,0,"work",,0,0.5,0.498,0,0,0,0,0,0,,1,0,,0,,0,,0,,0,,0,,0,,0,,0,,0,,0,,0,,0,,1,0,,0,0.5,0,0.247
"2017-03-25T21:40:06-07:00",1490503206,6,2,"I want to eat ",0.598,0,0,0,0,0,0,0,0,0,0,0,0,0,0,,0,"talk",,2,0.745,0.769,0,0,1,0,0,0,,0,0,,0,,0,,0,,0,,0,,1,,0,,0,,0,,0,,0,,0,,0,0,,0,0.552,0,0
"2017-03-25T17:57:33-07:00",1490489853,6,1,,,0,0,0,1,0,0,0,0,0,0,0,0,0,0,,0,"other","Walking ",0,0.412,0.422,0,0,0,0,0,0,,1,0,,0,,0,,0,,0,,0,,0,,0,,0,,0,,0,,0,,0,,0,0,,0.376,0.5,0.197,0
"2017-03-25T13:34:01-07:00",1490474041,14,2,"Exchange glasses ",0.329,0,0,0,0,1,0,0,0,0,0,0,0,0,0,,0,"chores",,2,0.675,0.739,0,0,1,0,0,0,,0,0,,0,,0,,1,,0,,0,,0,,0,,0,,0,,0,,0,,0,,0,0,,0,0.645,0,0.189
"2017-03-24T19:43:57-07:00",1490409837,1156,2,"Work on project ",0.625,1,0,0,0,0,0,0,0,0,0,0,0,0,0,,0,"work",,2,0.673,0.661,0,0,1,0,0,0,,0,0,,0,,0,,0,,0,,0,,0,,0,,0,,0,,1,,0,,0,,0,0,,0,0.729,0,0
"2017-03-24T15:29:50-07:00",1490394590,3264,2,"Finish project ",0.57,0,0,0,0,0,0,0,0,0,0,1,0,0,0,,0,"work",,1,0.502,0.5,0,0,0,1,0,0,,0,0,,0,,0,,0,,0,,0,,0,,0,,0,,0,,0,,0,,0,,1,0,,0,0.5,0,0.259
"2017-03-24T13:21:48-07:00",1490386908,10847,0,,,0,0,0,0,0,0,0,0,0,0,0,0,0,0,,0,"eat",,2,0.562,0.578,0,0,0,1,0,0,,0,0,,0,,0,,0,,0,,0,,0,,0,,0,,0,,0,,0,,0,,1,0.737,,0,0.496,0,0.275
"2017-03-23T20:39:23-07:00",1490326763,2445,2,"Plan my weekend ",0.616,0,0,0,0,1,0,0,0,0,0,0,0,0,0,,0,"eat",,2,0.612,0.588,0,1,0,0,0,0,,0,0,,0,,0,,0,,0,,0,,0,,0,,0,,0,,0,,0,,0,,1,0,,0,0.502,0.367,0.189
"2017-03-23T18:21:05-07:00",1490318465,4459,2,"Finish work",0.522,1,0,0,0,1,0,0,0,0,0,0,0,0,0,,0,"talk",,2,0.62,0.498,0,0,0,0,0,0,,1,0,,0,,0,,0,,0,,0,,0,,0,,0,,0,,0,,0,,0,,1,0,,0,0.5,0,0.685
"2017-03-23T12:32:07-07:00",1490297527,2707,2,"Finish lab ",0.55,0,0,0,0,0,0,0,0,0,0,1,0,0,0,,0,"work",,1,0.655,0.685,0,0,0,0,0,0,,1,0,,0,,0,,0,,0,,0,,0,,0,,0,,0,,0,,0,,0,,1,0,,0,0.498,0,0
"2017-03-23T11:44:54-07:00",1490294694,,0,,,0,0,0,0,0,0,0,0,0,0,0,0,0,0,,0,"work",,2,0.62,0.729,0,0,1,0,0,0,,0,0,,0,,0,,0,,0,,0,,0,,0,,0,,0,,0,,0,,0,,1,0,,0,0.502,0.245,0
"2017-03-22T23:01:34-07:00",1490248894,8328,2,"To go to sleep ",0.52,0,0,0,0,0,0,0,0,0,0,0,0,0,0,,1,"work",,0,0.5,0.512,0,0,0,1,0,0,,0,0,,0,,0,,1,,0,,0,,0,,0,,0,,0,,0,,0,,0,,0,0,,0,0.62,0,0
"2017-03-22T13:35:30-07:00",1490214930,,0,,,0,0,0,0,0,0,0,0,0,0,0,0,0,0,,0,"talk",,2,0.655,0.671,0,0,0,0,0,0,,1,0,,0,,0,,1,,0,,0,,0,,0,,0,,0,,0,,0,,0,,0,0,,0,0.673,0.45,0
"2017-03-22T09:07:20-07:00",1490198840,732,2,"Get to GA",0.851,0,0,0,0,1,0,1,0,0,0,0,0,0,0,,0,"travel",,1,0.5,0.637,0,0,0,0,0,0,,1,0,,1,,0,,0,,0,,0,,0,,0,,0,,0,,0,,0,,0,,0,0,,0,0.502,0,0.57
"2017-03-21T17:05:21-07:00",1490141121,1674,0,,,0,0,0,0,0,0,0,0,0,0,0,0,0,0,,0,"work",,2,0.498,0.631,0,0,0,0,0,0,,1,0,,0,,0,,1,,0,,0,,0,,0,,0,,0,,0,,0,,0,,0,0,,0,0.608,0,0
"2017-03-20T20:32:12-07:00",1490067132,2489,2,"Go home ",0.564,0,0,0,0,1,0,0,0,0,0,0,0,0,0,,0,"work",,1,0.502,0.378,0,0,1,1,1,0,,0,0,,0,,0,,0,,0,,0,,0,,0,,0,,0,,0,,0,,0,,1,0,,0,0.5,0,0.201
"2017-03-20T19:20:16-07:00",1490062816,14644,0,,,0,0,0,0,0,0,0,0,0,0,0,0,0,0,,0,"work",,2,0.679,0.452,0,0,0,1,0,0,,0,0,,0,,0,,0,,0,,0,,1,,0,,0,,0,,0,,0,,0,,0,0,,0,0.502,0,0.044
"2017-03-20T15:14:52-07:00",1490048092,17300,2,"Finish lab ",0.221,0,0,0,0,1,0,0,0,0,0,1,0,0,0,,0,"work",,1,0.6,0.466,0,0,0,0,1,0,"",0,0,,0,,0,,0,,0,,0,,0,,0,,0,,0,,0,,0,,0,,1,0,,0,0.584,0,0.114
"2017-03-19T12:11:12-07:00",1489950672,17,2,"Homework ",0.586,1,0,0,0,1,0,0,0,0,0,1,0,0,0,,0,"work",,0,0.771,0.797,0,0,0,0,0,0,,1,0,,0,,0,,0,,0,,0,,0,,0,,0,,0,,0,,0,,0,,0,0,,0,0.532,0,0
"2017-03-18T11:38:47-07:00",1489862327,6037,0,,,0,0,0,0,0,0,0,0,0,0,0,0,0,0,,0,"talk",,2,0.731,0.785,0,0,1,0,0,0,,0,0,,0,,0,,0,,0,,0,,1,,0,,0,,0,,0,,0,,0,,0,0,,0,0.757,0.705,0
"2017-03-17T12:44:40-07:00",1489779880,1926,2,"Get lunch ",0.333,0,0,0,0,0,0,0,0,0,0,0,0,0,0,,1,"travel",,2,0.225,0.5,0,0,1,0,0,0,,0,0,,0,,0,,0,,0,,0,,0,,0,,0,,0,,0,,1,,0,,0,0,,0,0.502,0.129,0
"2017-03-17T08:51:22-07:00",1489765882,99,1,,,0,0,1,0,1,0,0,0,0,0,0,0,0,0,,0,"leisure",,1,0.502,0.695,0,1,0,0,0,0,,0,0,,1,,0,,0,,0,,0,,0,,0,,0,,0,,0,,0,,0,,0,0,,0,0.5,0,0
"2017-03-16T18:15:50-07:00",1489713350,4,2,"Finish presentation ",0.669,0,0,0,0,1,0,0,0,0,0,0,0,0,0,,0,"work",,1,0.799,0.795,0,0,0,0,0,0,,1,0,,0,,0,,0,,0,,0,,0,,0,,0,,0,,0,,0,,0,,1,0,,0,0.667,0,0
"2017-03-16T15:24:18-07:00",1489703058,12155,2,"Work on mini capstone ",0.715,0,0,0,0,0,0,0,0,0,0,1,0,0,0,,0,"work",,1,0.737,0.825,0,0,0,0,0,0,,1,0,,0,,0,,0,,0,,0,,1,,0,,0,,0,,0,,0,,0,,0,0,,0,0.845,0,0
"2017-03-16T08:36:43-07:00",1489678603,7,2,"Work on mini capstone ",0.157,1,0,0,0,0,0,0,0,0,0,0,0,0,0,,0,"travel",,1,0.5,0.647,0,0,0,0,0,0,,1,0,,1,,0,,0,,0,,0,,0,,0,,0,,0,,1,,0,,0,,0,0,,0,0.376,0,0.438
"2017-03-15T20:38:31-07:00",1489635511,852,2,"Want to update linkedin",0.127,0,0,0,0,1,0,0,0,0,0,0,0,0,0,,0,"chores",,0,0.343,0.297,0,0,0,0,0,0,,1,0,,0,,0,,0,,0,,0,,0,,0,,0,,0,,0,,1,,0,,0,0,,0.108,0.502,0,0
"2017-03-15T13:54:10-07:00",1489611250,264,2,"Work on lab ",0.345,1,0,0,0,0,0,0,0,0,0,1,0,0,0,,0,"eat",,2,0.604,0.494,0,0,0,0,0,0,,1,0,,0,,0,,0,,0,,0,,0,,0,,0,,0,,0,,0,,0,,1,0,,0,0.502,0,0.141
"2017-03-15T10:25:33-07:00",1489598733,914,2,"Work on lab ",0.592,0,0,0,0,0,0,0,0,0,0,1,0,0,0,,0,"work",,2,0.695,0.787,0,1,0,0,0,0,,0,0,,0,,0,,0,,0,,0,,0,,0,,0,,0,,0,,0,,0,,1,0.275,,0,0.502,0,0.112
"2017-03-14T20:05:23-07:00",1489547123,14310,2,"Work on mini capstone ",0.454,0,0,0,0,0,0,0,0,0,0,1,0,0,0,,0,"leisure",,1,0.625,0.582,0,0,0,0,0,0,,1,0,,0,,0,,0,,0,,0,,0,,0,,0,,0,,0,,0,,0,,1,0.203,,0,0.5,0,0.022
"2017-03-14T12:16:52-07:00",1489519012,4312,2,"Finish lab ",0.219,0,0,0,0,0,0,1,0,0,0,0,0,0,0,,0,"work",,1,0.5,0.645,0,0,1,0,0,0,,0,0,,0,,0,,0,,0,,0,,0,,0,,0,,0,,0,,0,,0,,1,0.277,,0,0.502,0.331,0.281
"2017-03-13T21:16:26-07:00",1489464986,457,2,"Figure out capstone ",0.45,0,0,0,0,1,0,0,0,0,0,0,0,0,0,,0,"work",,0,0.371,0.5,0,0,0,0,0,0,,1,0,,0,,0,,0,,0,,0,,0,,0,,0,,0,,0,,0,,0,,1,0.243,,0,0.502,0,0.594
"2017-03-13T18:36:44-07:00",1489455404,8337,2,"Go home ",0.265,0,0,0,0,0,0,0,0,0,0,0,0,0,0,,1,"work",,1,0.5,0.502,0,0,1,0,0,0,,0,0,,0,,0,,0,,0,,0,,0,,0,,0,,0,,0,,0,,0,,1,0.546,,0,0.5,0,0.353
"2017-03-13T10:34:28-07:00",1489426468,6,0,,,0,0,0,0,0,0,0,0,0,0,0,0,0,0,,0,"work",,1,0.213,0.502,0,0,0,0,0,0,,1,1,,0,,0,,0,,0,,0,,0,,0,,0,,0,,0,,0,,0,,0,0.251,,0,0.498,0,0
"2017-03-12T15:52:24-07:00",1489359144,16663,0,,,0,0,0,0,0,0,0,0,0,0,0,0,0,0,,0,"talk",,2,0.771,0.833,0,0,1,0,0,0,,0,0,,0,,0,,1,,0,,0,,0,,0,,0,,0,,0,,0,,0,,0,0,,0,0.855,0.458,0
"2017-03-11T23:30:45-08:00",1489303845,1646,0,,,0,0,0,0,0,0,0,0,0,0,0,0,0,0,,0,"talk",,2,0.741,0.502,0,0,0,0,0,1,"Weed",0,0,,0,,0,,1,,0,,0,,0,,0,,0,,0,,0,,0,,0,,0,0,,0,0.647,0.382,0
"2017-03-11T15:54:49-08:00",1489276489,2293,1,,,0,0,0,0,0,0,0,0,0,0,0,0,0,0,,0,"talk",,2,0.687,0.675,0,0,0,0,0,0,,1,0,,0,,0,,0,,0,,0,,0,,0,,0,,0,,1,,0,,0,,0,0,,0,0.831,0.54,0
"2017-03-11T12:14:26-08:00",1489263266,7664,1,,,0,0,0,0,0,0,0,0,0,0,1,0,0,0,,0,"other","Volunteering, gardening ",2,0.498,0.711,0,0,0,0,0,0,,1,0,,0,,0,,0,,0,,0,,0,,0,,0,,0,,0,,0,,0,,1,0,,0,0.643,0.299,0
"2017-03-10T21:30:19-08:00",1489210219,10666,2,"Decide which friend to hang out with ",0.426,0,0,0,1,0,0,0,0,0,0,0,0,0,0,,0,"talk",,0,0.954,0.747,0,0,0,0,0,0,,1,0,,0,,0,,0,,0,,0,,1,,0,,0,,0,,0,,0,,0,,0,0,,0,0.749,0.488,0
"2017-03-09T21:24:51-08:00",1489123491,75,2,"Come up with a capstone project idea",0.918,0,0,0,0,1,0,1,0,0,0,0,0,0,0,,0,"work",,0,0.245,0.297,0,0,0,1,0,0,,0,0,,1,,0,,0,,0,,0,,0,,0,,0,,0,,1,,0,,0,,0,1,,0,0.498,0,0.914
"2017-03-09T17:21:59-08:00",1489108919,6237,2,"Go home ",0.689,1,0,0,0,1,0,0,0,0,0,0,0,0,0,,0,"work",,2,0.5,0.502,0,0,1,0,0,0,,0,0,,0,,0,,0,,0,,0,,0,,0,,0,,0,,0,,0,,0,,1,0,,0,0.502,0,0.221
"2017-03-09T10:11:02-08:00",1489083062,5,0,,,0,0,0,0,0,0,0,0,0,0,0,0,0,0,,0,"work",,2,0.592,0.709,0,0,0,0,0,0,,1,0,,0,,0,,1,,0,,0,,0,,0,,0,,0,,0,,0,,0,,0,0,,0,0.821,0,0
"2017-03-08T22:36:23-08:00",1489041383,17,2,"Finish homework ",0.504,1,0,0,0,0,0,0,0,0,0,1,0,0,0,,0,"work",,0,0.5,0.5,0,0,0,1,0,0,,0,0,,0,,0,,1,,0,,0,,0,,0,,0,,0,,0,,0,,0,,0,0.424,,0,0.827,0,0.187
"2017-03-08T17:55:42-08:00",1489024542,646,2,"To talk to my friends about opportunity to do work with northeastern psych department  ",0.952,0,0,0,1,0,0,0,0,0,0,0,0,0,0,,0,"travel",,1,1,0.9,0,0,0,0,0,0,,1,0,,0,,0,,0,,0,,0,,1,,0,,0,,0,,0,,0,,0,,0,0,,0.408,0.713,0,0
"2017-03-07T21:15:40-08:00",1488950140,1907,2,"Email psych tech company ",0.229,1,0,0,0,0,0,0,0,0,0,1,0,0,0,,0,"work",,0,0.456,0.313,0,0,0,1,0,0,,0,0,,0,,0,,0,,0,,0,,0,,0,,0,,0,,0,,0,,0,,1,0,,0,0.641,0,0.149
"2017-03-07T20:26:43-08:00",1488947203,15570,0,,,0,0,0,0,0,0,0,0,0,0,0,0,0,0,,0,"eat",,2,0.705,0.396,0,0,0,1,0,0,,0,0,,0,,0,,0,,0,,0,,0,,0,,0,,0,,0,,0,,0,,1,0,,0,0.641,0.357,0.12
"2017-03-07T12:22:55-08:00",1488918175,1447,2,"Lunch ",0.556,0,0,0,0,0,0,0,0,0,0,0,0,0,0,,0,"travel",,1,0.689,0.637,0,0,1,0,0,0,,0,0,,0,,0,,0,,0,,0,,0,,0,,0,,0,,0,,0,,0,,1,0,,0,0.548,0.5,0
"2017-03-07T11:02:02-08:00",1488913322,,0,,,0,0,0,0,0,0,0,0,0,0,0,0,0,0,,0,"work",,2,0.508,0.498,0,0,0,0,1,0,,0,0,,0,,0,,0,,0,,0,,0,,0,,0,,0,,0,,0,,0,,1,0,,0,0.631,0,0
"2017-03-06T17:17:01-08:00",1488849421,5,2,"Go over capstone with instructor ",0.859,0,0,0,0,1,0,0,0,0,0,0,0,0,0,,0,"leisure",,1,0.645,0.257,0,0,0,1,0,0,,0,0,,0,,0,,1,,0,,0,,0,,0,,0,,0,,0,,0,,0,,0,0,,0,0.904,0,0.315
"2017-03-06T13:26:25-08:00",1488835585,57347,2,"Finish lab ",0.578,1,0,0,0,0,0,0,0,0,0,0,0,0,0,,0,"work",,1,0.785,0.773,0,0,0,0,0,0,,1,0,,0,,0,,0,,0,,0,,1,,0,,0,,0,,0,,0,,0,,0,0,,0,0.775,0.255,0
"2017-03-01T19:53:03-08:00",1488426783,3571,2,"Work on HW",0.554,1,0,0,0,0,0,0,0,0,0,0,0,0,0,,0,"chores",,2,0.727,0.5,0,0,0,1,0,0,,0,0,,0,,0,,1,,0,,0,,0,,0,,0,,0,,0,,0,,0,,0,0,,0,0.5,0.518,0
"2017-02-28T13:26:53-08:00",1488317213,3274,1,,,0,0,0,0,0,0,1,0,0,0,0,0,0,0,,0,"eat",,1,0.201,0.394,0,0,0,0,0,0,,1,1,,0,,0,,0,,0,,0,,0,,0,,0,,0,,1,,0,,0,,0,0.299,,0,0.5,0,0.064
"2017-02-28T10:01:49-08:00",1488304909,,2,"To talk about how machine learning algorithms just extend the past into the future ",0.38,0,0,0,0,0,0,1,0,0,0,0,0,0,0,,0,"work",,2,0.486,0.701,0,0,0,0,0,0,,1,0,,1,,0,,0,,0,,0,,0,,0,,0,,0,,1,,0,,0,,0,0,,0,0.502,0,0.707
"2017-02-27T19:28:57-08:00",1488252537,7048,2,"Work on HW ",0.731,1,0,1,0,0,0,0,0,0,0,1,0,0,0,,0,"work",,2,0.719,0.681,0,0,0,0,0,0,,1,0,,0,,0,,0,,0,,0,,0,,0,,0,,0,,0,,0,,0,,0,0,,0,0.635,0.438,0.086
"2017-02-27T08:20:40-08:00",1488212440,,2,"Figure out what I want to explore with qwantify data ",0.462,1,0,0,0,0,0,0,0,0,0,0,0,0,0,,0,"travel",,1,0.476,0.655,0,0,0,0,0,0,,1,0,,0,,0,,0,,0,,0,,0,,0,,0,,0,,0,,0,,0,,1,0,,0,0.502,0,0.07
"2017-02-26T21:41:21-08:00",1488174081,6765,1,,,0,0,0,0,1,0,0,0,0,0,0,0,0,0,,0,"travel",,1,0.498,0.265,0,0,0,1,0,0,,0,0,,0,,0,,0,,0,,0,,0,,0,,0,,0,,0,,0,,0,,1,0,,0,0.502,0,0.448
"2017-02-25T23:29:53-08:00",1488094193,14957,2,"Go to bed ",0.506,0,0,0,0,0,0,1,0,0,0,0,0,0,0,,0,"travel",,0,0.687,0.701,0,0,0,1,0,1,"Drunk ",0,0,,0,,1,,0,,0,,0,,1,,0,,0,,0,,1,,0,,0,,0,1,,0,0.604,0,0
"2017-02-25T15:46:54-08:00",1488066414,11459,0,,,0,0,0,0,0,0,0,0,0,0,0,0,0,0,,0,"travel",,0,0.679,0.498,0,0,0,0,0,0,,1,0,,0,,0,,1,,0,,0,,0,,0,,0,,0,,0,,0,,0,,0,0,,0,0.763,0.472,0.131
"2017-02-25T09:24:29-08:00",1488043469,42413,0,,,0,0,0,0,0,0,0,0,0,0,0,0,0,0,,0,"talk",,2,0.721,0.498,0,0,0,1,0,0,,0,0,,0,,0,,0,,0,,0,,1,,0,,0,,0,,0,,0,,0,,0,0.496,,0,0.616,0.45,0
"2017-02-24T12:30:36-08:00",1487968236,359,2,"Get food, feel good",0.546,0,0,0,0,1,0,1,0,0,0,0,0,0,0,,0,"talk",,2,0.588,0.5,0,0,0,1,0,0,,0,0,,0,,0,,0,,0,,0,,0,,0,,0,,0,,1,,0,,0,,0,0.333,,0,0.502,0.225,0
"2017-02-22T21:24:22-08:00",1487827462,13456,2,"Be productive ",0.723,1,0,0,0,0,0,0,0,0,0,1,0,0,0,,0,"work",,0,0.785,0.277,0,0,0,1,0,0,,0,0,,0,,0,,0,,0,,0,,0,,0,,0,,0,,0,,0,,0,,1,0,,0,0.679,0,0.064
"2017-02-22T10:11:03-08:00",1487787063,405,0,,,0,0,0,0,0,0,0,0,0,0,0,0,0,0,,0,"talk",,2,0.622,0.765,0,0,0,0,0,0,,1,0,,0,,0,,0,,0,,0,,0,,0,,0,,0,,0,,0,,0,,1,0,,0,0.5,0,0.233
"2017-02-20T20:02:58-08:00",1487649778,253,0,,,0,0,0,0,0,0,0,0,0,0,0,0,0,0,,0,"leisure",,1,0.61,0.341,0,0,1,1,0,0,,0,0,,0,,0,,0,,0,,0,,0,,0,,0,,0,,0,,0,,0,,1,0,,0,0.502,0,0.181
"2017-02-20T16:53:03-08:00",1487638383,4565,0,,,0,0,0,0,0,0,0,0,0,0,0,0,0,0,,0,"work",,2,0.349,0.177,0,0,0,1,0,0,,0,0,,0,,0,,0,,0,,0,,0,,0,,0,,0,,0,,0,,0,,1,0.005,,0,0.502,0,0.89
"2017-02-20T09:28:30-08:00",1487611710,7,2,"Learn Linear algebra ",0.351,1,0,0,0,0,0,0,0,0,0,0,0,0,0,,0,"work",,2,0.629,0.61,0,0,0,1,0,0,,0,0,,0,,0,,0,,0,,0,,0,,0,,0,,0,,0,,0,,0,,1,0,,0,0.496,0,0.118
"2017-02-20T08:16:16-08:00",1487607376,46391,0,,,0,0,0,0,0,0,0,0,0,0,0,0,0,0,,0,"travel",,0,0.361,0.5,0,0,0,1,0,0,,0,0,,0,,0,,0,,0,,0,,0,,0,,0,,0,,0,,0,,0,,0,0,,0,0.5,0,0.384
"2017-02-18T23:21:47-08:00",1487488907,2128,1,,,0,0,0,1,0,0,0,0,0,0,0,0,0,0,,0,"leisure",,2,0.757,0.647,0,0,0,0,0,0,,1,0,,0,,0,,0,,0,,0,,1,,0,,0,,0,,0,,0,,0,,0,0.007,,0.076,0.733,1,0
"2017-02-17T23:41:03-08:00",1487403663,26829,0,,,0,0,0,0,0,0,0,0,0,0,0,0,0,0,,0,"talk",,2,0.733,0.5,0,0,0,1,0,0,,0,0,,0,,0,,1,,0,,0,,1,,0,,0,,0,,0,,0,,0,,0,0,,0,0.787,0,0
"2017-02-16T18:56:41-08:00",1487300201,8069,2,"Feel good",0.237,0,0,0,1,0,0,1,0,0,0,0,0,0,0,,0,"work",,2,0,0.002,0,0,0,0,0,0,,1,1,,0,,0,,0,,0,,0,,0,,0,,0,,0,,0,,1,,0,,0,0,,0.484,0.502,0,1
"2017-02-14T14:49:26-08:00",1487112566,8704,2,"Learn Linear algebra ",0.357,1,0,0,0,0,0,0,0,0,0,0,0,0,0,,0,"eat",,1,0.616,0.616,0,0,1,1,0,0,,0,0,,0,,0,,0,,0,,0,,0,,0,,0,,0,,1,,0,,0,,0,0,,0,0.5,0.211,0.263
"2017-02-13T19:00:15-08:00",1487041215,384,0,,,0,0,0,0,0,0,0,0,0,0,0,0,0,0,,0,"work",,2,0.665,0.498,0,0,0,1,0,0,,0,0,,0,,0,,0,,0,,0,,0,,0,,0,,0,,0,,0,,0,,1,0,,0.005,0.641,0.005,0.498
"2017-02-13T10:06:29-08:00",1487009189,13,0,,,0,0,0,0,0,0,0,0,0,0,0,0,0,0,,0,"work",,1,0.759,0.494,0,0,0,1,0,0,,0,0,,0,,0,,1,,0,,0,,0,,0,,0,,0,,0,,0,,0,,0,0,,0,0.988,0,0
"2017-02-10T19:12:40-08:00",1486782760,7,2,"Learn about covariance",0.494,0,0,0,0,1,0,0,0,0,0,0,0,0,0,,0,"work",,0,0.641,0.5,0,0,0,0,0,0,,1,0,,0,,0,,0,,0,,0,,0,,0,,0,,0,,0,,0,,0,,1,0,,0.175,0.635,0,0
"2017-02-10T13:34:46-08:00",1486762486,1695,2,"To feel confident in my ability to relate to women on a sexual level. ",0.299,0,0,0,1,0,0,1,0,0,0,0,0,0,0,,0,"other","Laying in sun",1,0.729,0.677,0,0,0,0,0,0,,1,0,,0,,0,,0,,0,,0,,0,,0,,0,,0,,1,,0,,0,,0,0,,0,0.765,1,0
"2017-02-10T07:56:10-08:00",1486742170,,0,,,0,0,0,0,0,0,0,0,0,0,0,0,0,0,,0,"travel",,0,0.675,0.241,0,0,0,1,0,0,,0,0,,0,,0,,0,,0,,0,,0,,0,,0,,0,,0,,0,,0,,1,0.289,,0,0.498,0,0.309
"2017-02-09T22:57:14-08:00",1486709834,20,2,"Work on lab ",0.612,1,0,0,0,0,0,0,0,0,0,1,0,0,0,,0,"work",,0,0.699,0.438,0,0,0,1,0,0,,0,0,,0,,0,,0,,0,,0,,0,,0,,0,,0,,0,,0,,0,,1,0,,0,0.5,0.007,0.005
"2017-02-09T08:20:00-08:00",1486657200,31084,2,"Learn reg ex",0.669,0,0,1,0,0,0,0,0,0,0,1,0,0,0,,0,"travel",,1,0.715,0.729,0,0,0,0,0,0,,1,0,,0,,0,,0,,0,,0,,0,,0,,0,,0,,0,,0,,0,,0,0.918,,0,0.502,0.227,0.307
"2017-02-08T13:29:00-08:00",1486589340,510,2,"Continue learning linear algebra ",0.49,0,0,0,0,0,0,0,0,0,0,1,0,0,0,,0,"eat",,2,0.681,0.691,0,0,0,0,0,0,,1,0,,0,,0,,0,,0,,0,,1,,0,,0,,0,,0,,0,,0,,0,0,,0,0.502,0.237,0
"2017-02-06T13:16:37-08:00",1486415797,753,0,,,0,0,0,0,0,0,0,0,0,0,0,0,0,0,,0,"eat",,2,0.614,0.653,0,0,0,0,0,0,,1,0,,0,,0,,0,,0,,0,,0,,0,,0,,0,,0,,0,,0,,1,0,,0,0.502,0,0.005
"2017-02-05T15:52:08-08:00",1486338728,4,2,"Finish my homework and do something else ",0.464,0,0,0,0,0,0,0,0,0,0,1,0,0,0,,0,"work",,0,0.502,0.508,0,0,0,0,0,0,,1,0,,0,,0,,0,,0,,0,,0,,0,,0,,0,,1,,0,,0,,0,0,,0,0.5,0,0
"2017-02-05T14:08:57-08:00",1486332537,11,0,,,0,0,0,0,0,0,0,0,0,0,0,0,0,0,,0,"eat",,1,0.586,0.544,0,0,0,0,0,0,,1,0,,0,,0,,0,,0,,0,,0,,0,,0,,0,,0,,0,,0,,1,0.275,,0,0.502,0,0.243
"2017-02-05T10:44:47-08:00",1486320287,41419,2,"Eat breakfast ",0.695,0,0,0,0,0,0,0,0,0,0,1,0,0,0,,0,"chores",,1,0.502,0.91,0,0,1,0,0,0,,0,0,,0,,0,,0,,0,,0,,0,,0,,0,,0,,0,,0,,0,,1,0.005,,0,0.498,0.005,0
"2017-02-04T16:23:07-08:00",1486254187,4267,0,,,0,0,0,0,0,0,0,0,0,0,0,0,0,0,,0,"work",,0,0.5,0.295,0,0,0,1,0,0,,0,0,,0,,0,,0,,0,,0,,0,,0,,0,,0,,0,,0,,0,,1,0.47,,0,0.498,0,0
"2017-02-03T19:26:10-08:00",1486178770,4292,2,"Exercise ",0.478,0,0,0,0,0,0,0,0,0,0,1,0,0,0,,0,"exercise",,0,0.61,0.572,0,0,0,0,0,0,,1,0,,0,,0,,0,,0,,0,,0,,0,,0,,0,,0,,0,,0,,1,0.699,,0,0.502,0,0.277
"2017-02-02T23:34:32-08:00",1486107272,939,0,,,0,0,0,0,0,0,0,0,0,0,0,0,0,0,,0,"work",,0,0.655,0.488,0,0,0,1,0,0,,0,0,,0,,0,,1,,0,,0,,0,,0,,0,,0,,0,,0,,0,,0,0,,0,0.606,0,0.005
"2017-01-31T22:25:41-08:00",1485930341,1809,2,"Go to bed ",0.675,0,0,0,0,0,0,1,0,0,0,0,0,0,0,,0,"leisure",,0,0.498,0.251,0,0,0,1,0,0,,0,0,,0,,0,,0,,0,,0,,0,,0,,0,,0,,0,,0,,0,,1,0,,0.131,0.5,0.007,0.007
"2017-01-31T08:44:00-08:00",1485881040,45113,1,,,1,0,0,0,0,0,0,0,0,0,0,0,0,0,,0,"talk",,1,0.472,0.821,0,0,0,0,0,0,,1,1,,1,,0,,0,,0,,0,,0,,0,,0,,0,,1,,0,,0,,0,1,,0,0.5,0,0.731
"2017-01-28T13:45:48-08:00",1485639948,10582,0,,,0,0,0,0,0,0,0,0,0,0,0,0,0,0,,0,"work",,2,0.5,0.279,0,0,0,1,1,0,,0,0,,0,,0,,0,,0,,0,,0,,0,,0,,0,,0,,0,,0,,0,0,,0,0.5,0,0
"2017-01-27T22:13:57-08:00",1485584037,6784,0,,,0,0,0,0,0,0,0,0,0,0,0,0,0,0,,0,"talk",,2,0.944,0.793,1,0,0,0,0,0,,0,0,,0,,0,,1,,0,,0,,1,,0,,0,,0,,0,,0,,0,,0,0,,0,0.55,0.616,0
"2017-01-27T12:27:24-08:00",1485548844,6,2,"Eat",0.227,0,0,0,0,0,0,0,0,0,0,0,0,0,0,,0,"exercise",,0,0.193,0.219,0,0,0,1,1,0,,0,0,,0,,0,,0,,0,,0,,0,,0,,0,,0,,0,,0,,0,,0,0,,0,0.5,0,0
"2017-01-26T22:34:05-08:00",1485498845,2672,2,"Get out of cold and go home ",0.661,0,0,0,0,1,0,0,0,0,0,0,0,0,0,,0,"travel",,0,0.629,0.701,0,0,0,0,0,1,"Cold",0,0,,0,,0,,0,,0,,0,,0,,0,,0,,0,,0,,0,,0,,0,0.851,,0,0.498,0,0
"2017-01-26T11:36:45-08:00",1485459405,532,0,,,0,0,0,0,0,0,0,0,0,0,0,0,0,0,,0,"eat",,0,0,0,0,0,0,0,0,0,,1,0,,0,,0,,0,,0,,0,,0,,0,,0,,0,,0,,1,,0,,0,1,,0,0.263,0,0.227
"2017-01-24T22:48:00-08:00",1485326880,3175,0,,,0,0,0,0,0,0,0,0,0,0,0,0,0,0,,0,"talk",,2,0.956,0.98,0,0,0,0,0,0,,1,0,,0,,0,,0,,0,,1,,1,,0,,0,,0,,0,,0,,0,,0,0,,0,0.813,0.544,0
"2017-01-24T12:38:29-08:00",1485290309,131,2,"Go to library ",0.747,0,0,0,0,0,0,0,0,0,0,1,0,0,0,,0,"chores",,0,0.691,0.757,0,1,0,0,0,0,,0,0,,0,,0,,0,,0,,0,,0,,0,,0,,0,,0,,0,,0,,0,0.133,,0.005,0.815,0,0
"2017-01-24T11:12:59-08:00",1485285179,52999,2,"Talk to my friend ",0.614,0,0,0,1,0,0,0,0,0,0,0,0,0,0,,0,"chores",,2,0.721,0.699,0,0,1,0,0,0,,0,0,,0,,0,,0,,0,,0,,0,,0,,0,,0,,0,,0,,0,,1,0.007,,0,0.643,0,0
"2017-01-23T13:39:52-08:00",1485207592,8,1,,,0,0,0,0,0,0,0,0,0,0,1,0,0,0,,0,"work",,0,0.753,0.697,1,0,0,0,0,0,,0,0,,0,,0,,1,,0,,0,,0,,0,,0,,0,,0,,0,,0,,0,0,,0,0.753,0.193,0
"2017-01-20T10:57:02-08:00",1484938622,22,0,,,0,0,0,0,0,0,0,0,0,0,0,0,0,0,,0,"eat",,1,0.5,0.502,0,0,1,0,0,0,,0,1,,0,,0,,0,,0,,0,,0,,0,,0,,0,,0,,0,,0,,0,0.275,,0,0.502,0.143,0.122
"2017-01-19T19:28:44-08:00",1484882924,6,2,"Work on data science project ",0.315,0,0,0,0,0,0,0,0,0,0,1,0,0,0,,0,"leisure",,2,0.428,0.614,0,0,0,0,0,0,,1,0,,0,,0,,0,,0,,0,,0,,0,,0,,0,,1,,0,,0,,0,0.005,,0.125,0.502,0,0.544
"2017-01-18T23:14:33-08:00",1484810073,9865,0,,,0,0,0,0,0,0,0,0,0,0,0,0,0,0,,0,"leisure",,2,0.759,0.649,0,1,0,0,0,0,,0,0,,0,,0,,0,,0,,0,,0,,0,,0,,0,,0,,0,,0,,0,0,,0,0.767,0.721,0
"2017-01-18T16:45:45-08:00",1484786745,8,2,"Make dinner",0.376,0,0,0,0,1,0,0,0,0,0,0,0,0,0,,0,"work",,0,0.653,0.671,0,0,1,0,0,0,,0,0,,0,,0,,0,,0,,0,,0,,0,,0,,0,,0,,0,,0,,0,0,,0,0.586,0,0.129
"2017-01-18T11:14:39-08:00",1484766879,16,2,"Work on data camp",0.371,0,0,0,0,0,0,0,0,0,0,1,0,0,0,,0,"eat",,0,0.498,0.572,1,0,0,0,0,0,,0,0,,0,,0,,0,,0,,0,,0,,0,,0,,0,,0,,0,,0,,1,0,,0.005,0.478,0.367,0
"2017-01-16T16:16:14-08:00",1484612174,12,0,,,0,0,0,0,0,0,0,0,0,0,0,0,0,0,,0,"eat",,0,0.661,0.498,0,0,0,0,0,0,,1,0,,0,,0,,0,,0,,0,,0,,0,,0,,0,,0,,0,,0,,1,0.005,,0.005,0.5,0,0.005
"2017-01-13T19:54:58-08:00",1484366098,814,0,,,0,0,0,0,0,0,0,0,0,0,0,0,0,0,,0,"talk",,2,0.496,0.498,0,0,0,0,0,0,,1,0,,0,,0,,0,,0,,0,,0,,0,,0,,0,,0,,0,,0,,1,0.005,,0.005,0.502,0.404,0.007
"2017-01-13T15:46:38-08:00",1484351198,,2,"Wash my car",0.325,0,0,0,0,0,0,0,0,0,0,1,0,0,0,,0,"eat",,1,0.486,0.5,0,0,0,0,0,0,,1,0,,0,,0,,0,,0,,0,,0,,0,,0,,0,,0,,0,,0,,1,0.007,,0.007,0.5,0.007,0.007
"2017-01-13T13:10:59-08:00",1484341859,8515,2,"Work on my kindle paraer",0.359,0,0,0,0,0,0,0,0,0,0,1,0,0,0,,0,"talk",,2,0.757,0.731,0,0,0,0,0,0,,1,0,,0,,0,,0,,0,,0,,1,,0,,0,,0,,0,,0,,0,,0,0,,0,0.488,0.438,0.005
"2017-01-13T10:43:38-08:00",1484333018,40745,2,"To be social / go to a meetup",0.482,0,0,0,1,0,0,0,0,0,0,0,0,0,0,,0,"chores",,0,0.498,0.572,0,0,1,0,0,0,,0,0,,0,,0,,0,,0,,0,,0,,0,,0,,0,,1,,0,,0,,0,0.005,,0.05,0.578,0.114,0.106
"2017-01-12T21:22:00-08:00",1484284920,3785,2,"To work on kindle parser",0.243,0,0,0,0,0,0,0,0,0,0,1,0,0,0,,0,"eat",,2,0.715,0.783,1,0,0,0,0,0,,0,0,,0,,0,,1,,0,,0,,0,,0,,0,,0,,0,,0,,0,,0,0,,0,0.801,0.689,0
